cand_id,state_abb,district_number,election_year,republican,contestant_id,ideology_score,primary_vote
cand_1,AL,1,1984,0,contestant_1,-0.034323468804359436,0.545092761516571
cand_2,AL,1,1984,0,contestant_2,-0.0739719569683075,0.45490720868110657
cand_3,AL,1,2002,1,contestant_1,0.13825242221355438,0.6244174242019653
cand_4,AL,1,2002,1,contestant_2,0.18037208914756775,0.37558260560035706
cand_5,AL,2,1992,0,contestant_1,0.05108586698770523,0.571137011051178
cand_6,AL,2,1992,0,contestant_2,-0.3123093470931053,0.428862988948822
cand_7,AL,2,1992,1,contestant_1,0.12886206805706024,0.5828990340232849
cand_8,AL,2,1992,1,contestant_2,0.12259975075721741,0.4171009659767151
cand_9,AL,2,2008,1,contestant_1,0.22510910034179688,0.5311264991760254
cand_10,AL,2,2008,1,contestant_2,0.20577426254749298,0.468873530626297
cand_11,AL,3,1996,0,contestant_1,-0.1717931628227234,0.6097338199615479
cand_12,AL,3,1996,0,contestant_2,0.15926355123519897,0.39026620984077454
cand_13,AL,4,1996,0,contestant_1,-0.19696219265460968,0.5199984312057495
cand_14,AL,4,1996,0,contestant_2,-0.13642650842666626,0.4800015985965729
cand_15,AL,5,1990,0,contestant_1,0.026136580854654312,0.6045345067977905
cand_16,AL,5,1990,0,contestant_2,-0.16639268025755882,0.39546552300453186
cand_17,AL,6,1980,1,contestant_1,0.2551068663597107,0.553540825843811
cand_18,AL,6,1980,1,contestant_2,-0.01950758695602417,0.4464591443538666
cand_19,AL,7,1982,0,contestant_1,0.06723839789628983,0.645606279373169
cand_20,AL,7,1982,0,contestant_2,-0.3171081468462944,0.35439372062683105
cand_21,AL,7,1986,0,contestant_1,-0.057352449744939804,0.6022742986679077
cand_22,AL,7,1986,0,contestant_2,0.08456878736615181,0.3977257013320923
cand_23,AL,7,1992,0,contestant_1,-0.13145115971565247,0.5047078132629395
cand_24,AL,7,1992,0,contestant_2,-0.07471500337123871,0.49529215693473816
cand_25,AL,7,2002,0,contestant_1,0.01591966114938259,0.5600281953811646
cand_26,AL,7,2002,0,contestant_2,-0.13145115412771702,0.43997177481651306
cand_27,AL,7,2010,0,contestant_1,-0.15932077169418335,0.5500025749206543
cand_28,AL,7,2010,0,contestant_2,-0.10066759586334229,0.4499974548816681
cand_29,AR,1,1986,0,contestant_1,-0.12317563593387604,0.5214848518371582
cand_30,AR,1,1986,0,contestant_2,0.18934987485408783,0.4785151481628418
cand_31,AR,1,1988,0,contestant_1,-0.12317563593387604,0.6690853238105774
cand_32,AR,1,1988,0,contestant_2,0.4098920077085495,0.3309146761894226
cand_33,AR,1,1990,0,contestant_1,-0.12317563593387604,0.5429437160491943
cand_34,AR,1,1990,0,contestant_2,0.18344752490520477,0.45705628395080566
cand_35,AR,1,1992,0,contestant_1,0.00792716071009636,0.6116823554039001
cand_36,AR,1,1992,0,contestant_2,-0.12317563965916634,0.38831767439842224
cand_37,AR,2,1984,0,contestant_1,-0.021022537723183632,0.5333524346351624
cand_38,AR,2,1984,0,contestant_2,-0.26532390154898167,0.46664756536483765
cand_39,AR,2,1996,0,contestant_1,-0.1339070051908493,0.5131742358207703
cand_40,AR,2,1996,0,contestant_2,-0.13153083622455597,0.4868257939815521
cand_41,AR,2,2010,0,contestant_1,-0.33045250177383423,0.5375880599021912
cand_42,AR,2,2010,0,contestant_2,-0.0726049542427063,0.4624119699001312
cand_43,AR,4,1992,0,contestant_1,0.004693804774433374,0.5099149942398071
cand_44,AR,4,1992,0,contestant_2,0.002306709298864007,0.49008500576019287
cand_45,AZ,1,1994,1,contestant_1,0.1901266723871231,0.38971078395843506
cand_46,AZ,1,1994,1,contestant_2,-0.03065560758113861,0.22287407517433167
cand_47,AZ,1,2000,1,contestant_1,0.2970523536205292,0.3179832994937897
cand_48,AZ,1,2000,1,contestant_2,0.14040009677410126,0.2371819168329239
cand_49,AZ,1,2002,0,contestant_1,-0.3448501229286194,0.21721920371055603
cand_50,AZ,1,2002,0,contestant_2,-0.2368479073047638,0.16070765256881714
cand_51,AZ,1,2002,1,contestant_1,0.2205880582332611,0.2442631721496582
cand_52,AZ,1,2002,1,contestant_2,0.42834943532943726,0.2050016075372696
cand_53,AZ,4,1986,1,contestant_1,0.17881064116954803,0.5943184494972229
cand_54,AZ,4,1986,1,contestant_2,0.20010843873023987,0.28143110871315
cand_55,AZ,4,1994,1,contestant_1,0.17466318607330322,0.43100279569625854
cand_56,AZ,4,1994,1,contestant_2,0.21005842089653015,0.20693470537662506
cand_57,AZ,5,2000,0,contestant_1,-0.2907457947731018,0.5245239734649658
cand_58,AZ,5,2000,0,contestant_2,-0.2772360146045685,0.4754760265350342
cand_59,AZ,5,2008,1,contestant_1,0.4153110384941101,0.2949538826942444
cand_60,AZ,5,2008,1,contestant_2,-0.030655592679977417,0.2737954556941986
cand_61,AZ,5,2010,1,contestant_1,0.4153110384941101,0.37232735753059387
cand_62,AZ,5,2010,1,contestant_2,-0.030655592679977417,0.24140289425849915
cand_63,AZ,6,1992,0,contestant_1,-0.22166863083839417,0.4396345913410187
cand_64,AZ,6,1992,0,contestant_2,-0.17855103313922882,0.29529520869255066
cand_65,AZ,6,1992,1,contestant_1,0.3507516384124756,0.44773736596107483
cand_66,AZ,6,1992,1,contestant_2,0.1323852390050888,0.30409619212150574
cand_67,AZ,6,1994,1,contestant_1,0.17621615529060364,0.4525652229785919
cand_68,AZ,6,1994,1,contestant_2,0.4153110384941101,0.20506829023361206
cand_69,AZ,6,2004,1,contestant_1,0.2970523536205292,0.5930138826370239
cand_70,AZ,6,2004,1,contestant_2,0.17129142582416534,0.40698614716529846
cand_71,AZ,7,2002,0,contestant_1,-0.20696339011192322,0.4084526300430298
cand_72,AZ,7,2002,0,contestant_2,-0.0933370366692543,0.20894823968410492
cand_73,AZ,8,2006,1,contestant_1,0.4650181531906128,0.42235782742500305
cand_74,AZ,8,2006,1,contestant_2,0.3072228729724884,0.37641239166259766
cand_75,CA,1,1994,0,contestant_1,-0.2851869463920593,0.6174866557121277
cand_76,CA,1,1994,0,contestant_2,-0.11403170228004456,0.3825133442878723
cand_77,CA,3,1998,1,contestant_1,0.09244637936353683,0.5139407515525818
cand_78,CA,3,1998,1,contestant_2,0.35329719632864,0.32060298323631287
cand_79,CA,6,1982,0,contestant_1,-0.2531977891921997,0.5002613663673401
cand_80,CA,6,1982,0,contestant_2,-0.25200143456459045,0.31534671783447266
cand_81,CA,6,1992,0,contestant_1,-0.25883445143699646,0.2606525421142578
cand_82,CA,6,1992,0,contestant_2,-0.13325299322605133,0.13503119349479675
cand_83,CA,6,2006,0,contestant_1,-0.25883445143699646,0.6616714000701904
cand_84,CA,6,2006,0,contestant_2,-0.028236716985702515,0.33832859992980957
cand_85,CA,11,2006,0,contestant_1,-0.22094014286994934,0.5275418162345886
cand_86,CA,11,2006,0,contestant_2,-0.30667656660079956,0.28489673137664795
cand_87,CA,12,1988,1,contestant_1,0.12155583500862122,0.5812519788742065
cand_88,CA,12,1988,1,contestant_2,0.27041852474212646,0.41874799132347107
cand_89,CA,14,1992,0,contestant_1,-0.09593722224235535,0.40453827381134033
cand_90,CA,14,1992,0,contestant_2,-0.2865999639034271,0.36480626463890076
cand_91,CA,14,1992,1,contestant_1,0.2043861597776413,0.43405506014823914
cand_92,CA,14,1992,1,contestant_2,0.06977047026157379,0.17478689551353455
cand_93,CA,16,1994,0,contestant_1,-0.1032518744468689,0.45343130826950073
cand_94,CA,16,1994,0,contestant_2,-0.06975177675485611,0.4217124283313751
cand_95,CA,18,2002,0,contestant_1,-0.005908949300646782,0.5322678089141846
cand_96,CA,18,2002,0,contestant_2,-0.034290287643671036,0.38660895824432373
cand_97,CA,20,2004,0,contestant_1,-0.021334990859031677,0.7316838502883911
cand_98,CA,20,2004,0,contestant_2,-0.15197128057479858,0.2683161497116089
cand_99,CA,21,1986,1,contestant_1,0.1061067134141922,0.502031147480011
cand_100,CA,21,1986,1,contestant_2,0.16058820486068726,0.34208589792251587
cand_101,CA,21,2002,1,contestant_1,0.12200457602739334,0.37040621042251587
cand_102,CA,21,2002,1,contestant_2,0.4860101416707039,0.3299929201602936
cand_103,CA,22,1994,0,contestant_1,-0.3104715645313263,0.4047729969024658
cand_104,CA,22,1994,0,contestant_2,-0.29420509934425354,0.3413897156715393
cand_105,CA,22,1994,1,contestant_1,0.25091928243637085,0.5896039009094238
cand_106,CA,22,1994,1,contestant_2,0.3402312994003296,0.36029052734375
cand_107,CA,23,1988,0,contestant_1,-0.3537098169326782,0.8416649103164673
cand_108,CA,23,1988,0,contestant_2,-0.30322280526161194,0.15833508968353271
cand_109,CA,25,1992,1,contestant_1,0.07344785332679749,0.39577242732048035
cand_110,CA,25,1992,1,contestant_2,0.18240295350551605,0.3843880593776703
cand_111,CA,27,1996,0,contestant_1,-0.32290467619895935,0.5139442086219788
cand_112,CA,27,1996,0,contestant_2,-0.34172746539115906,0.48605579137802124
cand_113,CA,31,1980,0,contestant_1,-0.217302143573761,0.4909090995788574
cand_114,CA,31,1980,0,contestant_2,-0.008643761277198792,0.23813587427139282
cand_115,CA,33,1982,1,contestant_1,0.11340045183897018,0.5733657479286194
cand_116,CA,33,1982,1,contestant_2,0.13880017399787903,0.4266342520713806
cand_117,CA,34,1982,0,contestant_1,-0.15988686680793762,0.5074335336685181
cand_118,CA,34,1982,0,contestant_2,-0.0240461528301239,0.36453118920326233
cand_119,CA,34,1998,0,contestant_1,-0.1610000878572464,0.5051802396774292
cand_120,CA,34,1998,0,contestant_2,-0.2704458236694336,0.4948197901248932
cand_121,CA,38,1984,1,contestant_1,0.3271566927433014,0.622500479221344
cand_122,CA,38,1984,1,contestant_2,-0.11410602927207947,0.04296523332595825
cand_123,CA,38,1986,0,contestant_1,-0.2562917470932007,0.6658035516738892
cand_124,CA,38,1986,0,contestant_2,-0.3036038875579834,0.3341964781284332
cand_125,CA,38,1992,1,contestant_1,0.1615283042192459,0.297634094953537
cand_126,CA,38,1992,1,contestant_2,0.22854620218276978,0.29530587792396545
cand_127,CA,38,1996,0,contestant_1,-0.33788245916366577,0.5139337182044983
cand_128,CA,38,1996,0,contestant_2,-0.2565353214740753,0.4860663115978241
cand_129,CA,39,2002,0,contestant_1,-0.17836987972259521,0.33465492725372314
cand_130,CA,39,2002,0,contestant_2,-0.31585660576820374,0.19275802373886108
cand_131,CA,40,1988,1,contestant_1,0.13761049509048462,0.30750516057014465
cand_132,CA,40,1988,1,contestant_2,0.17520925402641296,0.29361820220947266
cand_133,CA,41,1992,1,contestant_1,0.10227876156568527,0.30065521597862244
cand_134,CA,41,1992,1,contestant_2,0.11391142010688782,0.2807072699069977
cand_135,CA,41,1998,1,contestant_1,0.1295776665210724,0.48488849401474
cand_136,CA,41,1998,1,contestant_2,0.10227876156568527,0.25636202096939087
cand_137,CA,42,1988,1,contestant_1,0.20474393665790558,0.3507651090621948
cand_138,CA,42,1988,1,contestant_2,-0.043626561760902405,0.21841366589069366
cand_139,CA,42,1992,1,contestant_1,0.3384508192539215,0.3727990984916687
cand_140,CA,42,1992,1,contestant_2,0.22971074283123016,0.2917587161064148
cand_141,CA,43,1982,1,contestant_1,0.3343311846256256,0.16574525833129883
cand_142,CA,43,1982,1,contestant_2,0.0899876207113266,0.16463716328144073
cand_143,CA,44,1994,1,contestant_1,0.11130687594413757,0.48627740144729614
cand_144,CA,44,1994,1,contestant_2,0.08964404463768005,0.2817719280719757
cand_145,CA,45,1992,1,contestant_1,0.20474393665790558,0.4789729416370392
cand_146,CA,45,1992,1,contestant_2,-0.050780877470970154,0.2436668872833252
cand_147,CA,46,1996,0,contestant_1,-0.18338531255722046,0.34671586751937866
cand_148,CA,46,1996,0,contestant_2,-0.32920897006988525,0.29734453558921814
cand_149,CA,48,2000,1,contestant_1,0.10775718092918396,0.45467787981033325
cand_150,CA,48,2000,1,contestant_2,0.12670275568962097,0.3035773038864136
cand_151,CA,49,1992,1,contestant_1,0.1597016453742981,0.20756039023399353
cand_152,CA,49,1992,1,contestant_2,0.07009639590978622,0.11581847071647644
cand_153,CA,50,1992,0,contestant_1,-0.19327110052108765,0.2601308822631836
cand_154,CA,50,1992,0,contestant_2,-0.04976823925971985,0.23428910970687866
cand_155,CA,51,2006,0,contestant_1,-0.19327110052108765,0.5119240880012512
cand_156,CA,51,2006,0,contestant_2,0.02446626126766205,0.4252272844314575
cand_157,CO,2,1986,0,contestant_1,-0.20340761542320251,0.5821977257728577
cand_158,CO,2,1986,0,contestant_2,-0.30740219354629517,0.41780224442481995
cand_159,CO,2,1986,1,contestant_1,0.3273812234401703,0.640379011631012
cand_160,CO,2,1986,1,contestant_2,0.07891890406608582,0.3596210181713104
cand_161,CO,2,2008,0,contestant_1,-0.20685958862304688,0.4168039560317993
cand_162,CO,2,2008,0,contestant_2,-0.27536720037460327,0.37828218936920166
cand_163,CO,4,1990,1,contestant_1,0.17412593960762024,0.5563468933105469
cand_164,CO,4,1990,1,contestant_2,0.1306443214416504,0.4436531066894531
cand_165,CO,4,1996,1,contestant_1,0.2516903579235077,0.40115538239479065
cand_166,CO,4,1996,1,contestant_2,0.20492076873779297,0.304059773683548
cand_167,CO,5,1986,1,contestant_1,0.11205769330263138,0.5743219256401062
cand_168,CO,5,1986,1,contestant_2,0.21012695133686066,0.4256780743598938
cand_169,CO,5,2006,1,contestant_1,0.2887797951698303,0.26966410875320435
cand_170,CO,5,2006,1,contestant_2,0.10179725289344788,0.2537616789340973
cand_171,CO,5,2008,1,contestant_1,0.2887797951698303,0.44024658203125
cand_172,CO,5,2008,1,contestant_2,0.10179725289344788,0.295799195766449
cand_173,CO,6,1998,1,contestant_1,0.29644331336021423,0.2544298768043518
cand_174,CO,6,1998,1,contestant_2,0.1213555634021759,0.22282010316848755
cand_175,CO,6,2008,1,contestant_1,0.19886013865470886,0.4011961817741394
cand_176,CO,6,2008,1,contestant_2,0.3810964524745941,0.3266676068305969
cand_177,CO,7,2002,0,contestant_1,-0.27875393629074097,0.5645201802253723
cand_178,CO,7,2002,0,contestant_2,-0.3100780248641968,0.4354798197746277
cand_179,CT,1,1998,0,contestant_1,-0.053177762776613235,0.4642423391342163
cand_180,CT,1,1998,0,contestant_2,-0.35023902729153633,0.424817830324173
cand_181,CT,5,1994,0,contestant_1,-0.1842661201953888,0.5466455817222595
cand_182,CT,5,1994,0,contestant_2,-0.008768737316131592,0.4533544182777405
cand_183,CT,6,1982,1,contestant_1,0.06342597305774689,0.700278639793396
cand_184,CT,6,1982,1,contestant_2,0.3590783029794693,0.2997213304042816
cand_185,DE,1,1992,1,contestant_1,0.06873168051242828,0.5561877489089966
cand_186,DE,1,1992,1,contestant_2,-0.06378430128097534,0.2969643771648407
cand_187,FL,1,1994,1,contestant_1,0.08493495732545853,0.5443623661994934
cand_188,FL,1,1994,1,contestant_2,0.13426604866981506,0.455637663602829
cand_189,FL,3,1994,0,contestant_1,-0.17354580760002136,0.6661086678504944
cand_190,FL,3,1994,0,contestant_2,-0.17125259339809418,0.3338913321495056
cand_191,FL,4,1982,0,contestant_1,0.07798952609300613,0.5391971468925476
cand_192,FL,4,1982,0,contestant_2,-0.33504628390073776,0.4608028829097748
cand_193,FL,4,2000,1,contestant_1,0.1343912035226822,0.6956903338432312
cand_194,FL,4,2000,1,contestant_2,0.4903049021959305,0.3043096959590912
cand_195,FL,7,1992,1,contestant_1,0.09233122318983078,0.5271589756011963
cand_196,FL,7,1992,1,contestant_2,0.12215473502874374,0.34136518836021423
cand_197,FL,8,2000,1,contestant_1,0.19673019647598267,0.5193662643432617
cand_198,FL,8,2000,1,contestant_2,0.10206088423728943,0.4806337356567383
cand_199,FL,8,2008,0,contestant_1,-0.21003666520118713,0.4846806824207306
cand_200,FL,8,2008,0,contestant_2,-0.20524060726165771,0.2752663493156433
cand_201,FL,9,1982,1,contestant_1,0.07626119256019592,0.5386888980865479
cand_202,FL,9,1982,1,contestant_2,0.18197904527187347,0.46131113171577454
cand_203,FL,11,1990,1,contestant_1,0.41726255416870117,0.5668370723724365
cand_204,FL,11,1990,1,contestant_2,0.15417832136154175,0.4331629276275635
cand_205,FL,11,1996,0,contestant_1,-0.0647415965795517,0.5617942810058594
cand_206,FL,11,1996,0,contestant_2,-0.1935582160949707,0.4382057189941406
cand_207,FL,11,2006,0,contestant_1,-0.1233857199549675,0.5395756363868713
cand_208,FL,11,2006,0,contestant_2,-0.10319436341524124,0.3411657512187958
cand_209,FL,13,1982,1,contestant_1,0.1631142944097519,0.5821740627288818
cand_210,FL,13,1982,1,contestant_2,0.12924040853977203,0.41782596707344055
cand_211,FL,13,1988,1,contestant_1,0.13710369169712067,0.717444121837616
cand_212,FL,13,1988,1,contestant_2,0.10462852567434311,0.28255584836006165
cand_213,FL,13,2006,0,contestant_1,-0.30040526390075684,0.6178802847862244
cand_214,FL,13,2006,0,contestant_2,-0.30735933780670166,0.382119745016098
cand_215,FL,13,2006,1,contestant_1,0.21000830829143524,0.3233375549316406
cand_216,FL,13,2006,1,contestant_2,0.24926286935806274,0.2401304543018341
cand_217,FL,14,1988,0,contestant_1,-0.13624441623687744,0.5853945016860962
cand_218,FL,14,1988,0,contestant_2,-0.3233703374862671,0.4146054983139038
cand_219,FL,14,2004,1,contestant_1,0.1958577185869217,0.3581922650337219
cand_220,FL,14,2004,1,contestant_2,0.09222197532653809,0.32228973507881165
cand_221,FL,15,1992,1,contestant_1,0.41726255416870117,0.5401055812835693
cand_222,FL,15,1992,1,contestant_2,0.10382798314094543,0.45989441871643066
cand_223,FL,16,2008,1,contestant_1,0.18946270644664764,0.3673436641693115
cand_224,FL,16,2008,1,contestant_2,0.1289599984884262,0.34934762120246887
cand_225,FL,17,2010,0,contestant_1,-0.1659318208694458,0.3447180986404419
cand_226,FL,17,2010,0,contestant_2,0.013120681047439575,0.16148993372917175
cand_227,FL,19,1996,0,contestant_1,-0.12229687720537186,0.6507399082183838
cand_228,FL,19,1996,0,contestant_2,-0.2285759598016739,0.3492601215839386
cand_229,FL,20,1992,0,contestant_1,-0.08125847578048706,0.6255548000335693
cand_230,FL,20,1992,0,contestant_2,-0.17102335393428802,0.37444522976875305
cand_231,FL,23,1992,0,contestant_1,-0.1579647809267044,0.5750130414962769
cand_232,FL,23,1992,0,contestant_2,-0.2265770137310028,0.42498695850372314
cand_233,FL,24,2010,1,contestant_1,0.17845596373081207,0.30121102929115295
cand_234,FL,24,2010,1,contestant_2,0.28780806064605713,0.2767484188079834
cand_235,FL,25,2010,0,contestant_1,-0.2620067596435547,0.759278416633606
cand_236,FL,25,2010,0,contestant_2,-0.31694889068603516,0.24072155356407166
cand_237,GA,1,1982,0,contestant_1,0.03681813180446625,0.6125462055206299
cand_238,GA,1,1982,0,contestant_2,0.019253842532634735,0.3874537944793701
cand_239,GA,2,1980,0,contestant_1,0.039447639137506485,0.5253738760948181
cand_240,GA,2,1980,0,contestant_2,0.3197389282286167,0.4746260941028595
cand_241,GA,2,1982,0,contestant_1,0.039447639137506485,0.523382306098938
cand_242,GA,2,1982,0,contestant_2,0.17570063844323158,0.476617693901062
cand_243,GA,2,1988,0,contestant_1,0.039447639137506485,0.6676307916641235
cand_244,GA,2,1988,0,contestant_2,0.3197389282286167,0.33236920833587646
cand_245,GA,2,1992,0,contestant_1,-0.04890645295381546,0.5307192802429199
cand_246,GA,2,1992,0,contestant_2,0.03944764286279678,0.4692807197570801
cand_247,GA,2,1998,1,contestant_1,0.40378257632255554,0.5265980362892151
cand_248,GA,2,1998,1,contestant_2,0.28532612323760986,0.4734019637107849
cand_249,GA,3,1992,0,contestant_1,0.1127694770693779,0.5140004754066467
cand_250,GA,3,1992,0,contestant_2,-0.2842860296368599,0.3238106667995453
cand_251,GA,3,2002,0,contestant_1,-0.12486643344163895,0.5358163714408875
cand_252,GA,3,2002,0,contestant_2,0.10626565665006638,0.3330380618572235
cand_253,GA,4,1992,1,contestant_1,0.16990751028060913,0.6199221014976501
cand_254,GA,4,1992,1,contestant_2,0.056604668498039246,0.38007789850234985
cand_255,GA,4,1996,0,contestant_1,-0.2575836479663849,0.6747623085975647
cand_256,GA,4,1996,0,contestant_2,-0.051952511072158813,0.24010667204856873
cand_257,GA,4,2002,0,contestant_1,-0.06514441967010498,0.5830882787704468
cand_258,GA,4,2002,0,contestant_2,-0.2575836479663849,0.41691169142723083
cand_259,GA,4,2004,0,contestant_1,-0.2575836479663849,0.5075060725212097
cand_260,GA,4,2004,0,contestant_2,0.07627514004707336,0.206331267952919
cand_261,GA,4,2006,0,contestant_1,-0.09007628262042999,0.588081955909729
cand_262,GA,4,2006,0,contestant_2,-0.2575836479663849,0.411918044090271
cand_263,GA,5,1986,0,contestant_1,-0.11849677562713623,0.5199366807937622
cand_264,GA,5,1986,0,contestant_2,-0.1426234096288681,0.4800633192062378
cand_265,GA,6,1992,1,contestant_1,0.15042385458946228,0.5069584250450134
cand_266,GA,6,1992,1,contestant_2,-0.2782765030860901,0.4930415451526642
cand_267,GA,6,2004,1,contestant_1,0.14797620475292206,0.5404783487319946
cand_268,GA,6,2004,1,contestant_2,0.1956382691860199,0.45952165126800537
cand_269,GA,7,1994,1,contestant_1,0.25771597027778625,0.5698542594909668
cand_270,GA,7,1994,1,contestant_2,0.1299278885126114,0.4301457703113556
cand_271,GA,7,2002,1,contestant_1,0.16990751028060913,0.644551694393158
cand_272,GA,7,2002,1,contestant_2,0.25771597027778625,0.35544830560684204
cand_273,GA,8,1982,0,contestant_1,0.056276846677064896,0.5791701674461365
cand_274,GA,8,1982,0,contestant_2,0.04553356021642685,0.4208298623561859
cand_275,GA,8,2004,1,contestant_1,0.18249836564064026,0.5547906160354614
cand_276,GA,8,2004,1,contestant_2,0.28532612323760986,0.4452093541622162
cand_277,GA,9,1992,0,contestant_1,0.09688208997249603,0.551358163356781
cand_278,GA,9,1992,0,contestant_2,0.010640792548656464,0.448641836643219
cand_279,GA,9,2010,1,contestant_1,0.3322390615940094,0.5520941615104675
cand_280,GA,9,2010,1,contestant_2,0.1189391016960144,0.4479058086872101
cand_281,GA,10,1992,0,contestant_1,-0.01584208942949772,0.5279014110565186
cand_282,GA,10,1992,0,contestant_2,-0.21767943538725376,0.29821351170539856
cand_283,GA,10,1994,1,contestant_1,0.13016323745250702,0.508588433265686
cand_284,GA,10,1994,1,contestant_2,0.46401284635066986,0.4914115369319916
cand_285,GA,10,2008,1,contestant_1,0.30140990018844604,0.7098913788795471
cand_286,GA,10,2008,1,contestant_2,0.24389077723026276,0.29010865092277527
cand_287,GA,11,2002,0,contestant_1,-0.15821953117847443,0.5228908658027649
cand_288,GA,11,2002,0,contestant_2,0.008820652961730957,0.4771091043949127
cand_289,GA,11,2002,1,contestant_1,0.17150895297527313,0.6356420516967773
cand_290,GA,11,2002,1,contestant_2,0.3418395221233368,0.36435794830322266
cand_291,GA,12,2002,1,contestant_1,0.267382949590683,0.5046283006668091
cand_292,GA,12,2002,1,contestant_2,0.35174307227134705,0.4953716993331909
cand_293,GA,13,2002,0,contestant_1,0.009420104324817657,0.5381413102149963
cand_294,GA,13,2002,0,contestant_2,0.1096797063946724,0.1994243711233139
cand_295,HI,1,1986,0,contestant_1,-0.1624404639005661,0.6614959836006165
cand_296,HI,1,1986,0,contestant_2,-0.08217860013246536,0.32566550374031067
cand_297,HI,1,1988,0,contestant_1,-0.20205774903297424,0.5053756237030029
cand_298,HI,1,1988,0,contestant_2,-0.3475431501865387,0.1484544575214386
cand_299,HI,1,1990,0,contestant_1,-0.19617512822151184,0.4550497233867645
cand_300,HI,1,1990,0,contestant_2,-0.1621607542037964,0.3238304555416107
cand_301,HI,2,1990,0,contestant_1,-0.2873370349407196,0.4003135859966278
cand_302,HI,2,1990,0,contestant_2,-0.1624404639005661,0.37143978476524353
cand_303,HI,2,2006,0,contestant_1,-0.201530322432518,0.218370720744133
cand_304,HI,2,2006,0,contestant_2,-0.2715347111225128,0.21084406971931458
cand_305,IA,1,2006,0,contestant_1,-0.19450664520263672,0.3607690632343292
cand_306,IA,1,2006,0,contestant_2,-0.3303149938583374,0.25634586811065674
cand_307,IA,1,2006,1,contestant_1,0.31558769941329956,0.4850212037563324
cand_308,IA,1,2006,1,contestant_2,0.3540653884410858,0.14015553891658783
cand_309,IA,3,1986,0,contestant_1,-0.21287117898464203,0.5053879022598267
cand_310,IA,3,1986,0,contestant_2,-0.19160734117031097,0.42742690443992615
cand_311,IA,4,1996,0,contestant_1,-0.3224538266658783,0.5797860026359558
cand_312,IA,4,1996,0,contestant_2,-0.30629441142082214,0.4202140271663666
cand_313,IA,5,1994,0,contestant_1,-0.25822025537490845,0.5263477563858032
cand_314,IA,5,1994,0,contestant_2,-0.3163716495037079,0.42658674716949463
cand_315,IA,5,2002,1,contestant_1,0.19461169838905334,0.302962988615036
cand_316,IA,5,2002,1,contestant_2,0.10978247225284576,0.24651196599006653
cand_317,ID,1,2006,1,contestant_1,0.3519192636013031,0.2581869065761566
cand_318,ID,1,2006,1,contestant_2,0.25996696949005127,0.17932328581809998
cand_319,ID,1,2010,1,contestant_1,0.23540085554122925,0.47622033953666687
cand_320,ID,1,2010,1,contestant_2,0.33543652296066284,0.388519823551178
cand_321,IL,1,1980,0,contestant_1,-0.256292462348938,0.4771149754524231
cand_322,IL,1,1980,0,contestant_2,-0.24108043313026428,0.1689801812171936
cand_323,IL,1,1992,0,contestant_1,-0.13106638193130493,0.42210668325424194
cand_324,IL,1,1992,0,contestant_2,-0.2999383509159088,0.390661358833313
cand_325,IL,2,1984,0,contestant_1,-0.2942131757736206,0.45047304034233093
cand_326,IL,2,1984,0,contestant_2,0.10927045345306396,0.21951338648796082
cand_327,IL,2,1988,0,contestant_1,-0.2942131757736206,0.5243415832519531
cand_328,IL,2,1988,0,contestant_2,0.03272712230682373,0.24910525977611542
cand_329,IL,2,1990,0,contestant_1,-0.2942131757736206,0.5148472189903259
cand_330,IL,2,1990,0,contestant_2,-0.09601996839046478,0.4308585822582245
cand_331,IL,2,1992,0,contestant_1,-0.09601996839046478,0.6250317692756653
cand_332,IL,2,1992,0,contestant_2,-0.2942131757736206,0.37496820092201233
cand_333,IL,3,1992,0,contestant_1,-0.1401725709438324,0.580750584602356
cand_334,IL,3,1992,0,contestant_2,-0.1009831503033638,0.36866506934165955
cand_335,IL,4,1982,1,contestant_1,0.1563078910112381,0.5281211733818054
cand_336,IL,4,1982,1,contestant_2,0.07052401453256607,0.4718788266181946
cand_337,IL,5,1982,0,contestant_1,-0.1401725709438324,0.6070891618728638
cand_338,IL,5,1982,0,contestant_2,-0.14907655119895935,0.3557504415512085
cand_339,IL,5,1994,0,contestant_1,-0.003139413660392165,0.5006434321403503
cand_340,IL,5,1994,0,contestant_2,-0.23456894583068788,0.30356261134147644
cand_341,IL,8,1994,1,contestant_1,0.1273685246706009,0.4018925130367279
cand_342,IL,8,1994,1,contestant_2,0.38111914694309235,0.33215436339378357
cand_343,IL,9,1998,0,contestant_1,-0.25971269607543945,0.4513651728630066
cand_344,IL,9,1998,0,contestant_2,-0.128004789352417,0.3439895510673523
cand_345,IL,10,1992,1,contestant_1,0.07159951329231262,0.6008495092391968
cand_346,IL,10,1992,1,contestant_2,0.4533674418926239,0.39915046095848083
cand_347,IL,10,1994,1,contestant_1,0.07159951329231262,0.6627784967422485
cand_348,IL,10,1994,1,contestant_2,0.4533674418926239,0.3372214734554291
cand_349,IL,10,2000,1,contestant_1,0.11205552518367767,0.3139399588108063
cand_350,IL,10,2000,1,contestant_2,0.2025122195482254,0.1526152342557907
cand_351,IL,10,2010,0,contestant_1,-0.29296621680259705,0.48222631216049194
cand_352,IL,10,2010,0,contestant_2,-0.2968156039714813,0.4640837013721466
cand_353,IL,11,1994,0,contestant_1,-0.23579645156860352,0.20888379216194153
cand_354,IL,11,1994,0,contestant_2,-0.32160475850105286,0.1873234063386917
cand_355,IL,11,1994,1,contestant_1,0.07287176698446274,0.3169747292995453
cand_356,IL,11,1994,1,contestant_2,0.28684066981077194,0.28752365708351135
cand_357,IL,13,1984,1,contestant_1,0.10560500621795654,0.2974105179309845
cand_358,IL,13,1984,1,contestant_2,0.3998393714427948,0.11809258162975311
cand_359,IL,14,2008,1,contestant_1,0.3180966079235077,0.56357342004776
cand_360,IL,14,2008,1,contestant_2,0.24368155002593994,0.41301509737968445
cand_361,IL,15,2000,1,contestant_1,0.04060934856534004,0.4362615942955017
cand_362,IL,15,2000,1,contestant_2,0.15829404070973396,0.3603159189224243
cand_363,IL,16,1980,1,contestant_1,0.11587309092283249,0.44972488284111023
cand_364,IL,16,1980,1,contestant_2,0.3393784388899803,0.2558119297027588
cand_365,IL,16,1992,1,contestant_1,0.10741841048002243,0.5642523169517517
cand_366,IL,16,1992,1,contestant_2,0.13152487576007843,0.4357476532459259
cand_367,IL,17,1982,1,contestant_1,0.29524144530296326,0.5114264488220215
cand_368,IL,17,1982,1,contestant_2,0.0824073851108551,0.4885735511779785
cand_369,IL,18,1994,0,contestant_1,-0.2183484137058258,0.4358362555503845
cand_370,IL,18,1994,0,contestant_2,-0.25188302993774414,0.3899140954017639
cand_371,IL,19,1984,0,contestant_1,-0.05343446135520935,0.37085697054862976
cand_372,IL,19,1984,0,contestant_2,-0.339463472366333,0.1872708648443222
cand_373,IL,19,1992,0,contestant_1,-0.2096427083015442,0.6180588603019714
cand_374,IL,19,1992,0,contestant_2,-0.05343446135520935,0.38194116950035095
cand_375,IL,19,1998,1,contestant_1,0.4151664972305298,0.5586983561515808
cand_376,IL,19,1998,1,contestant_2,0.11909601092338562,0.2944757342338562
cand_377,IL,20,1980,1,contestant_1,0.1806662231683731,0.5557123422622681
cand_378,IL,20,1980,1,contestant_2,0.14158602058887482,0.44428762793540955
cand_379,IL,21,1986,0,contestant_1,-0.10554996132850647,0.5246049165725708
cand_380,IL,21,1986,0,contestant_2,-0.05382781848311424,0.3953959047794342
cand_381,IL,21,1988,0,contestant_1,-0.13387911021709442,0.46232980489730835
cand_382,IL,21,1988,0,contestant_2,-0.05382782220840454,0.2686516344547272
cand_383,IL,22,1984,0,contestant_1,-0.10204415768384933,0.5586465001106262
cand_384,IL,22,1984,0,contestant_2,-0.2159181535243988,0.4413534998893738
cand_385,IN,1,1984,0,contestant_1,-0.10144699364900589,0.34464871883392334
cand_386,IN,1,1984,0,contestant_2,-0.30689121037721634,0.326396107673645
cand_387,IN,2,1982,1,contestant_1,0.3437750041484833,0.40533849596977234
cand_388,IN,2,1982,1,contestant_2,0.3415464758872986,0.34956806898117065
cand_389,IN,2,1994,1,contestant_1,0.1776488572359085,0.4313783347606659
cand_390,IN,2,1994,1,contestant_2,0.31501784920692444,0.42207637429237366
cand_391,IN,2,2000,1,contestant_1,0.1925402581691742,0.44483375549316406
cand_392,IN,2,2000,1,contestant_2,0.13057661056518555,0.23940062522888184
cand_393,IN,4,2002,1,contestant_1,0.11391250044107437,0.5461111664772034
cand_394,IN,4,2002,1,contestant_2,0.17442992329597473,0.29924219846725464
cand_395,IN,4,2010,1,contestant_1,0.2029770165681839,0.42362016439437866
cand_396,IN,4,2010,1,contestant_2,0.1546647548675537,0.17116530239582062
cand_397,IN,5,1986,1,contestant_1,0.2955526113510132,0.4967260956764221
cand_398,IN,5,1986,1,contestant_2,0.10764111578464508,0.38582393527030945
cand_399,IN,6,1982,1,contestant_1,0.1218261867761612,0.3282102644443512
cand_400,IN,6,1982,1,contestant_2,0.1801082342863083,0.25518208742141724
cand_401,IN,7,1996,1,contestant_1,0.11934177577495575,0.2972572147846222
cand_402,IN,7,1996,1,contestant_2,0.1809052973985672,0.145454540848732
cand_403,IN,8,1996,0,contestant_1,-0.3134969472885132,0.4067170321941376
cand_404,IN,8,1996,0,contestant_2,-0.31226515769958496,0.38501259684562683
cand_405,IN,8,2000,0,contestant_1,-0.23334290087223053,0.5733047127723694
cand_406,IN,8,2000,0,contestant_2,-0.2814892530441284,0.38097238540649414
cand_407,IN,10,1982,0,contestant_1,-0.2317119538784027,0.5928844809532166
cand_408,IN,10,1982,0,contestant_2,-0.07139939069747925,0.34098196029663086
cand_409,IN,10,1996,1,contestant_1,0.1443716138601303,0.50592803955078125
cand_410,IN,10,1996,1,contestant_2,0.40966854989528656,0.40086793899536133
cand_411,KS,2,2008,1,contestant_1,0.2035534530878067,0.5097554922103882
cand_412,KS,2,2008,1,contestant_2,0.24364499747753143,0.49024447798728943
cand_413,KS,3,1984,1,contestant_1,0.11394339799880981,0.3540661931037903
cand_414,KS,3,1984,1,contestant_2,0.1496928632259369,0.2809629738330841
cand_415,KS,3,1996,1,contestant_1,0.25846120715141296,0.43744853138923645
cand_416,KS,3,1996,1,contestant_2,0.1514696478843689,0.39713865518569946
cand_417,KS,3,2000,1,contestant_1,0.42729634046554565,0.49898242950439453
cand_418,KS,3,2000,1,contestant_2,0.19664178788661957,0.37474215030670166
cand_419,KS,3,2002,1,contestant_1,0.29050034284591675,0.5181041359901428
cand_420,KS,3,2002,1,contestant_2,0.33154141902923584,0.48189589381217957
cand_421,KS,3,2004,1,contestant_1,0.4326528310775757,0.44021061062812805
cand_422,KS,3,2004,1,contestant_2,0.29050034284591675,0.43788179755210876
cand_423,KS,4,1992,1,contestant_1,0.42774683237075806,0.45137205719947815
cand_424,KS,4,1992,1,contestant_2,0.1698341965675354,0.3356453478336334
cand_425,KS,5,1990,1,contestant_1,0.1698341816663742,0.2898801565170288
cand_426,KS,5,1990,1,contestant_2,0.07992549985647202,0.2780349552631378
cand_427,KY,1,1992,0,contestant_1,-0.1246170699596405,0.480816125869751
cand_428,KY,1,1992,0,contestant_2,0.00413474440574646,0.44685837626457214
cand_429,KY,3,1988,0,contestant_1,0.0027579914312809706,0.6075929999351501
cand_430,KY,3,1988,0,contestant_2,-0.21455809962935746,0.39240702986717224
cand_431,KY,3,1990,0,contestant_1,0.0027579914312809706,0.4531061053276062
cand_432,KY,3,1990,0,contestant_2,-0.21455809962935746,0.3249117136001587
cand_433,KY,4,1998,1,contestant_1,0.4104495942592621,0.5118551850318909
cand_434,KY,4,1998,1,contestant_2,0.19867639243602753,0.41299372911453247
cand_435,KY,4,2004,1,contestant_1,0.2007325142621994,0.5800191164016724
cand_436,KY,4,2004,1,contestant_2,0.2282172590494156,0.318829745054245
cand_437,KY,6,1998,0,contestant_1,-0.32290002703666687,0.2402881383895874
cand_438,KY,6,1998,0,contestant_2,0.11973589658737183,0.21225015819072723
cand_439,MA,4,1980,0,contestant_1,-0.12281405925750732,0.5206856727600098
cand_440,MA,4,1980,0,contestant_2,0.065891265869140625,0.465507447719574
cand_441,MA,5,1980,0,contestant_1,-0.16980046033859253,0.5437714457511902
cand_442,MA,5,1980,0,contestant_2,0.2250584363937378,0.4562285542488098
cand_443,MA,5,1992,0,contestant_1,-0.26301467418670654,0.6519344449043274
cand_444,MA,5,1992,0,contestant_2,-0.31848981976509094,0.348065584897995
cand_445,MA,5,2002,1,contestant_1,0.27934250235557556,0.5653716325759888
cand_446,MA,5,2002,1,contestant_2,-0.2521250545978546,0.43462836742401123
cand_447,MA,6,1992,0,contestant_1,-0.15424396097660065,0.46833905577659607
cand_448,MA,6,1992,0,contestant_2,-0.3522528409957886,0.4614553451538086
cand_449,MA,6,1994,0,contestant_1,-0.26246899366378784,0.3382350504398346
cand_450,MA,6,1994,0,contestant_2,-0.3445335626602173,0.32944464683532715
cand_451,MA,8,1998,0,contestant_1,-0.14546847343444824,0.22886532545089722
cand_452,MA,8,1998,0,contestant_2,-0.2034633755683899,0.17464427649974823
cand_453,MA,9,2010,0,contestant_1,-0.20195162296295166,0.6479218602180481
cand_454,MA,9,2010,0,contestant_2,-0.395230770111084,0.3520781397819519
cand_455,MA,10,1992,0,contestant_1,-0.234845370054245,0.6061307191848755
cand_456,MA,10,1992,0,contestant_2,-0.20178164541721344,0.3604816198348999
cand_457,MA,10,1996,0,contestant_1,-0.21424150466918945,0.37793564796447754
cand_458,MA,10,1996,0,contestant_2,-0.303011417388916,0.37542691826820374
cand_459,MD,1,1982,1,contestant_1,0.2037266343832016,0.4662930369377136
cand_460,MD,1,1982,1,contestant_2,0.2804526090621948,0.4080401062965393
cand_461,MD,1,1990,0,contestant_1,-0.14640113711357117,0.5445992350578308
cand_462,MD,1,1990,0,contestant_2,-0.2783537805080414,0.3154608905315399
cand_463,MD,1,1990,1,contestant_1,-0.041134387254714966,0.2855035066604614
cand_464,MD,1,1990,1,contestant_2,-0.06831562519073486,0.11614766716957092
cand_465,MD,1,1992,0,contestant_1,-0.10518240183591843,0.5490122437477112
cand_466,MD,1,1992,0,contestant_2,-0.0073404088616371155,0.244310200214386
cand_467,MD,1,2008,1,contestant_1,0.30850595235824585,0.43437880277633667
cand_468,MD,1,2008,1,contestant_2,-0.041134387254714966,0.33099955320358276
cand_469,MD,2,1980,0,contestant_1,-0.1806444227695465,0.5689176917076111
cand_470,MD,2,1980,0,contestant_2,0.15570953488349915,0.3897497057914734
cand_471,MD,2,1984,1,contestant_1,0.07572539895772934,0.5055076479911804
cand_472,MD,2,1984,1,contestant_2,0.3837672993540764,0.44109195470809937
cand_473,MD,2,1994,0,contestant_1,-0.2182299941778183,0.38409116864204407
cand_474,MD,2,1994,0,contestant_2,-0.3094101548194885,0.3535940647125244
cand_475,MD,3,2006,0,contestant_1,-0.23011226952075958,0.3191559910774231
cand_476,MD,3,2006,0,contestant_2,-0.22581253945827484,0.2132285088300705
cand_477,MD,4,1992,0,contestant_1,-0.07078605890274048,0.27963918447494507
cand_478,MD,4,1992,0,contestant_2,-0.1277046948671341,0.26004478335380554
cand_479,MD,4,2008,0,contestant_1,-0.3204304575920105,0.5885885953903198
cand_480,MD,4,2008,0,contestant_2,-0.07078605890274048,0.3688487410545349
cand_481,MD,6,1992,0,contestant_1,-0.29243242740631104,0.5611035227775574
cand_482,MD,6,1992,0,contestant_2,0.03997504711151123,0.4388964772224426
cand_483,MD,6,1994,0,contestant_1,-0.1151997372508049,0.2975687086582184
cand_484,MD,6,1994,0,contestant_2,-0.14968013763427734,0.1786930412054062
cand_485,MD,7,1986,0,contestant_1,-0.149833083152771,0.4371267855167389
cand_486,MD,7,1986,0,contestant_2,-0.20940706133842468,0.15707480907440186
cand_487,MD,8,1980,1,contestant_1,0.21882060170173645,0.42384642362594604
cand_488,MD,8,1980,1,contestant_2,0.03336693346500397,0.3418629467487335
cand_489,MD,8,1986,0,contestant_1,-0.08172354847192764,0.3409648835659027
cand_490,MD,8,1986,0,contestant_2,-0.32447970658540726,0.2030501812696457
cand_491,MD,8,2002,0,contestant_1,-0.15061771869659424,0.43455684185028076
cand_492,MD,8,2002,0,contestant_2,-0.2825789153575897,0.4059062898159027
cand_493,ME,1,1990,0,contestant_1,-0.25598642230033875,0.3630521595478058
cand_494,ME,1,1990,0,contestant_2,-0.29418444633483887,0.3369208574295044
cand_495,ME,1,1996,0,contestant_1,-0.20839904248714447,0.5163186192512512
cand_496,ME,1,1996,0,contestant_2,-0.34020236134529114,0.48368141055107117
cand_497,ME,1,2008,0,contestant_1,-0.2987459599971771,0.43920406699180603
cand_498,ME,1,2008,0,contestant_2,-0.007093191146850586,0.28359395265579224
cand_499,ME,2,1994,0,contestant_1,-0.15188632905483246,0.27391812205314636
cand_500,ME,2,1994,0,contestant_2,-0.17190171778202057,0.22563250362873077
cand_501,ME,2,2002,0,contestant_1,-0.14129716157913208,0.3135415017604828
cand_502,ME,2,2002,0,contestant_2,-0.3239293694496155,0.20071271061897278
cand_503,MI,2,1992,1,contestant_1,0.10347750782966614,0.4598575234413147
cand_504,MI,2,1992,1,contestant_2,0.0694335550069809,0.4052402675151825
cand_505,MI,4,1986,1,contestant_1,0.0799136757850647,0.5455762147903442
cand_506,MI,4,1986,1,contestant_2,0.2545463442802429,0.45442378520965576
cand_507,MI,5,1992,0,contestant_1,-0.025249436497688293,0.46207037568092346
cand_508,MI,5,1992,0,contestant_2,-0.3307604342699051,0.2881595492362976
cand_509,MI,6,1984,1,contestant_1,0.31876879930496216,0.6608982682228088
cand_510,MI,6,1984,1,contestant_2,-0.03198423981666565,0.33910176157951355
cand_511,MI,7,1992,1,contestant_1,0.3527933359146118,0.4300110638141632
cand_512,MI,7,1992,1,contestant_2,0.09244811534881592,0.3608068525791168
cand_513,MI,7,2004,1,contestant_1,0.09244813024997711,0.27822014689445496
cand_514,MI,7,2004,1,contestant_2,0.4764031916856766,0.22442729771137238
cand_515,MI,7,2006,1,contestant_1,0.4047837257385254,0.5312824845314026
cand_516,MI,7,2006,1,contestant_2,0.09244811534881592,0.4687175452709198
cand_517,MI,11,1992,1,contestant_1,0.10820968449115753,0.43208664655685425
cand_518,MI,11,1992,1,contestant_2,0.13433218002319336,0.29542237520217896
cand_519,MI,13,1988,0,contestant_1,-0.24253244698047638,0.48408645391464233
cand_520,MI,13,1988,0,contestant_2,-0.19514182209968567,0.40258434414863586
cand_521,MI,13,1990,0,contestant_1,-0.19514182209968567,0.34046781063079834
cand_522,MI,13,1990,0,contestant_2,0.041250020265579224,0.19138185679912567
cand_523,MI,13,1994,0,contestant_1,-0.30501583218574524,0.564958930015564
cand_524,MI,13,1994,0,contestant_2,-0.2910861670970917,0.3327396810054779
cand_525,MI,13,1994,1,contestant_1,0.37371763586997986,0.4397132098674774
cand_526,MI,13,1994,1,contestant_2,0.07843315601348877,0.42497360706329346
cand_527,MI,13,2010,0,contestant_1,-0.2188754379749298,0.4731987416744232
cand_528,MI,13,2010,0,contestant_2,-0.14004859328269958,0.4089260697364807
cand_529,MI,14,1994,0,contestant_1,-0.15665096044540405,0.5050560235977173
cand_530,MI,14,1994,0,contestant_2,-0.022460579872131348,0.2843773663043976
cand_531,MI,15,1992,0,contestant_1,-0.19514182209968567,0.6782753467559814
cand_532,MI,15,1992,0,contestant_2,0.041250020265579224,0.32172465324401855
cand_533,MI,15,1996,0,contestant_1,-0.14004859328269958,0.5159499645233154
cand_534,MI,15,1996,0,contestant_2,-0.19514182209968567,0.30650925636291504
cand_535,MI,15,2002,0,contestant_1,-0.018347403034567833,0.5873554944992065
cand_536,MI,15,2002,0,contestant_2,-0.3050158228725195,0.41264450550079346
cand_537,MN,1,2008,1,contestant_1,0.3504767417907715,0.6697304844856262
cand_538,MN,1,2008,1,contestant_2,0.2487257719039917,0.3302695155143738
cand_539,MN,4,2000,0,contestant_1,-0.214309960603714,0.5039998888969421
cand_540,MN,4,2000,0,contestant_2,-0.20119620859622955,0.2292146235704422
cand_541,MN,5,2006,0,contestant_1,-0.21569649875164032,0.4121266305446625
cand_542,MN,5,2006,0,contestant_2,-0.0786411315202713,0.3105834424495697
cand_543,MN,6,1992,0,contestant_1,-0.17685072124004364,0.4929790198802948
cand_544,MN,6,1992,0,contestant_2,0.33487720787525177,0.46403419971466064
cand_545,MN,7,1988,0,contestant_1,-0.27881255745887756,0.515914797782898
cand_546,MN,7,1988,0,contestant_2,-0.029061004519462585,0.3902971148490906
cand_547,MN,8,1984,0,contestant_1,-0.07400710880756378,0.6510959267616272
cand_548,MN,8,1984,0,contestant_2,0.13918855786323547,0.3319283127784729
cand_549,MO,1,1982,0,contestant_1,-0.239760622382164,0.6081451773643494
cand_550,MO,1,1982,0,contestant_2,0.11870558559894562,0.3757094442844391
cand_551,MO,1,2000,0,contestant_1,-0.11399580538272858,0.6055666208267212
cand_552,MO,1,2000,0,contestant_2,-0.1054004430770874,0.2748446464538574
cand_553,MO,2,1992,1,contestant_1,0.15681277215480804,0.581183135509491
cand_554,MO,2,1992,1,contestant_2,0.17989400029182434,0.31753891706466675
cand_555,MO,5,2004,0,contestant_1,-0.11990533024072647,0.5996689200401306
cand_556,MO,5,2004,0,contestant_2,-0.20633748173713684,0.4003310799598694
cand_557,MO,6,1992,0,contestant_1,-0.07146259397268295,0.522642970085144
cand_558,MO,6,1992,0,contestant_2,-0.31993507593870163,0.24857772886753082
cand_559,MO,7,1988,0,contestant_1,-0.0733489915728569,0.4795300364494324
cand_560,MO,7,1988,0,contestant_2,-0.30584200471639633,0.39405837655067444
cand_561,MO,7,1988,1,contestant_1,0.1335466206073761,0.38798579573631287
cand_562,MO,7,1988,1,contestant_2,0.1670200079679489,0.35525503754615784
cand_563,MO,7,1996,1,contestant_1,0.12288683652877808,0.5591807961463928
cand_564,MO,7,1996,1,contestant_2,0.1670200079679489,0.44081923365592957
cand_565,MO,7,2010,1,contestant_1,0.28367266058921814,0.3656035363674164
cand_566,MO,7,2010,1,contestant_2,0.1670200079679489,0.13929438591003418
cand_567,MO,8,1980,0,contestant_1,-0.25958603620529175,0.2256353795528412
cand_568,MO,8,1980,0,contestant_2,0.06487125158309937,0.14387236535549164
cand_569,MO,8,1980,1,contestant_1,0.21945588290691376,0.33687788248062134
cand_570,MO,8,1980,1,contestant_2,0.4303969740867615,0.26737937331199646
cand_571,MO,9,1986,1,contestant_1,0.29844141006469727,0.48094838857650757
cand_572,MO,9,1986,1,contestant_2,0.11215066909790039,0.46032339334487915
cand_573,MS,1,1994,0,contestant_1,-0.2875599265098572,0.5644488334655762
cand_574,MS,1,1994,0,contestant_2,0.10957631468772888,0.43555113673210144
cand_575,MS,4,1988,0,contestant_1,0.10869753360748291,0.60935211181640625
cand_576,MS,4,1988,0,contestant_2,-0.32967743277549744,0.39064788818359375
cand_577,MS,4,1994,0,contestant_1,0.10869753360748291,0.5833707451820374
cand_578,MS,4,1994,0,contestant_2,-0.3114640414714813,0.3473500907421112
cand_579,MS,4,1998,1,contestant_1,0.2619571387767792,0.5598631501197815
cand_580,MS,4,1998,1,contestant_2,0.21762129664421082,0.4401368796825409
cand_581,MT,1,1996,1,contestant_1,0.20930728316307068,0.4376864731311798
cand_582,MT,1,1996,1,contestant_2,0.17273792624473572,0.35738685727119446
cand_583,NC,1,1992,0,contestant_1,-0.17534416913986206,0.5473846793174744
cand_584,NC,1,1992,0,contestant_2,0.1256190836429596,0.45261532068252563
cand_585,NC,1,1998,0,contestant_1,-0.17534416913986206,0.6676156520843506
cand_586,NC,1,1998,0,contestant_2,0.20671334862709045,0.332384318113327
cand_587,NC,2,1982,0,contestant_1,0.06350935995578766,0.5364648699760437
cand_588,NC,2,1982,0,contestant_2,-0.33379869163036346,0.4635351300239563
cand_589,NC,4,1986,0,contestant_1,-0.1121676042675972,0.48298174142837524
cand_590,NC,4,1986,0,contestant_2,-0.186634823679924,0.32233890891075134
cand_591,NC,7,1996,0,contestant_1,0.0341297909617424,0.5227425694465637
cand_592,NC,7,1996,0,contestant_2,-0.34329772740602493,0.4772574007511139
cand_593,NC,9,1984,0,contestant_1,-0.0822327733039856,0.5492672920227051
cand_594,NC,9,1984,0,contestant_2,-0.3403978943824768,0.4507327079772949
cand_595,NC,9,1984,1,contestant_1,0.13577093183994293,0.5768542289733887
cand_596,NC,9,1984,1,contestant_2,0.5793379098176956,0.42314577102661133
cand_597,NC,9,1994,1,contestant_1,0.1278303563594818,0.6815051436424255
cand_598,NC,9,1994,1,contestant_2,0.16425107419490814,0.31849485635757446
cand_599,NC,13,2002,0,contestant_1,-0.11460736393928528,0.4010583758354187
cand_600,NC,13,2002,0,contestant_2,-0.194880411028862,0.2444770634174347
cand_601,NE,1,2004,1,contestant_1,0.2571786046028137,0.39230671525001526
cand_602,NE,1,2004,1,contestant_2,0.17939983308315277,0.3289220333099365
cand_603,NE,2,1988,0,contestant_1,-0.12103354930877686,0.5070760250091553
cand_604,NE,2,1988,0,contestant_2,0.06325563788414001,0.4348123073577881
cand_605,NE,2,1988,1,contestant_1,0.18628573417663574,0.3757292628288269
cand_606,NE,2,1988,1,contestant_2,0.36080166697502136,0.2967606782913208
cand_607,NE,2,1990,1,contestant_1,0.11277709156274796,0.5654460191726685
cand_608,NE,2,1990,1,contestant_2,0.30437467247247696,0.43455398082733154
cand_609,NE,2,1994,1,contestant_1,0.1389508694410324,0.5270340442657471
cand_610,NE,2,1994,1,contestant_2,0.30437466502189636,0.22749154269695282
cand_611,NE,2,1998,1,contestant_1,0.12818372249603271,0.4019922912120819
cand_612,NE,2,1998,1,contestant_2,0.2486771047115326,0.29889392852783203
cand_613,NE,3,1990,1,contestant_1,0.13395538926124573,0.29762130975723267
cand_614,NE,3,1990,1,contestant_2,0.2325640171766281,0.2727949023246765
cand_615,NH,1,1984,0,contestant_1,-0.3286984860897064,0.5004796385765076
cand_616,NH,1,1984,0,contestant_2,-0.30803024768829346,0.45869603753089905
cand_617,NH,1,1984,1,contestant_1,0.21933406591415405,0.42019516229629517
cand_618,NH,1,1984,1,contestant_2,0.24524211883544922,0.25698742270469666
cand_619,NH,1,1990,1,contestant_1,0.14022059738636017,0.27344682812690735
cand_620,NH,1,1990,1,contestant_2,0.24524211883544922,0.26697447896003723
cand_621,NH,1,2002,1,contestant_1,0.21677124500274658,0.31385278701782227
cand_622,NH,1,2002,1,contestant_2,0.20039603114128113,0.23125708103179932
cand_623,NH,1,2006,0,contestant_1,-0.314520001411438,0.5431352853775024
cand_624,NH,1,2006,0,contestant_2,-0.3193565607070923,0.3452562093734741
cand_625,NH,2,1988,1,contestant_1,0.13176216185092926,0.47190219163894653
cand_626,NH,2,1988,1,contestant_2,0.10054636746644974,0.4108371436595917
cand_627,NH,2,1994,1,contestant_1,0.17146272957324982,0.29200178384780884
cand_628,NH,2,1994,1,contestant_2,0.479901984333992,0.24104249477386475
cand_629,NH,2,1996,1,contestant_1,0.17146272957324982,0.6677281856536865
cand_630,NH,2,1996,1,contestant_2,0.479901984333992,0.2651541829109192
cand_631,NJ,2,1994,1,contestant_1,-0.06698359549045563,0.544688880443573
cand_632,NJ,2,1994,1,contestant_2,-0.053195349872112274,0.35264086723327637
cand_633,NJ,4,1984,0,contestant_1,-0.34424513578414917,0.5306867361068726
cand_634,NJ,4,1984,0,contestant_2,-0.34857964515686035,0.40683412551879883
cand_635,NJ,5,2000,1,contestant_1,0.06754596531391144,0.5225881338119507
cand_636,NJ,5,2000,1,contestant_2,0.21194012463092804,0.4774118959903717
cand_637,NJ,6,1992,0,contestant_1,-0.10615119338035583,0.5464982986450195
cand_638,NJ,6,1992,0,contestant_2,0.024929001927375793,0.3656015694141388
cand_639,NJ,6,1992,1,contestant_1,0.19794902205467224,0.4746401906013489
cand_640,NJ,6,1992,1,contestant_2,-0.16085174679756165,0.2551648020744324
cand_641,NJ,7,2000,0,contestant_1,-0.31351667642593384,0.4545067250728607
cand_642,NJ,7,2000,0,contestant_2,-0.2661783993244171,0.44555720686912537
cand_643,NJ,7,2000,1,contestant_1,0.17262111604213715,0.4059065580368042
cand_644,NJ,7,2000,1,contestant_2,0.10918783396482468,0.08625703305006027
cand_645,NJ,8,1992,1,contestant_1,0.22484241425991058,0.6324091553688049
cand_646,NJ,8,1992,1,contestant_2,0.037399858236312866,0.10097992420196533
cand_647,NJ,10,1980,0,contestant_1,-0.16596558690071106,0.6402195692062378
cand_648,NJ,10,1980,0,contestant_2,-0.1884370595216751,0.2334616482257843
cand_649,NJ,10,1986,0,contestant_1,-0.16596558690071106,0.5949540734291077
cand_650,NJ,10,1986,0,contestant_2,-0.1884370595216751,0.36012497544288635
cand_651,NJ,12,1982,1,contestant_1,0.08895348012447357,0.6309865713119507
cand_652,NJ,12,1982,1,contestant_2,0.055894505232572556,0.3690134584903717
cand_653,NJ,12,1990,1,contestant_1,0.1240476593375206,0.3769551217556
cand_654,NJ,12,1990,1,contestant_2,0.21425539255142212,0.3077014684677124
cand_655,NJ,12,1996,1,contestant_1,0.24620839953422546,0.3807181715965271
cand_656,NJ,12,1996,1,contestant_2,0.05809386074542999,0.34030404686927795
cand_657,NJ,13,1984,1,contestant_1,0.03143647685647011,0.44705069065093994
cand_658,NJ,13,1984,1,contestant_2,0.18049130216240883,0.13879811763763428
cand_659,NM,1,1988,0,contestant_1,-0.284927099943161,0.24919845163822174
cand_660,NM,1,1988,0,contestant_2,-0.3241524398326874,0.020512638613581657
cand_661,NM,1,1988,1,contestant_1,0.08309368789196014,0.40991175174713135
cand_662,NM,1,1988,1,contestant_2,0.1836651861667633,0.3740576207637787
cand_663,NM,2,2002,1,contestant_1,0.22826218605041504,0.3504025638103485
cand_664,NM,2,2002,1,contestant_2,0.24816083908081055,0.27273762226104736
cand_665,NM,3,1998,0,contestant_1,-0.23707683384418488,0.440253883600235
cand_666,NM,3,1998,0,contestant_2,-0.252919465303421,0.35644689202308655
cand_667,NV,1,1986,0,contestant_1,-0.1276705265045166,0.36224228143692017
cand_668,NV,1,1986,0,contestant_2,-0.19585146009922028,0.33701223134994507
cand_669,NV,1,1986,1,contestant_1,0.26342931389808655,0.542161226272583
cand_670,NV,1,1986,1,contestant_2,0.16498926281929016,0.15947279334068298
cand_671,NV,2,1996,1,contestant_1,0.11707308143377304,0.4236777424812317
cand_672,NV,2,1996,1,contestant_2,0.15155667066574097,0.24394646286964417
cand_673,NY,2,2000,0,contestant_1,-0.13613103330135345,0.4535428285598755
cand_674,NY,2,2000,0,contestant_2,-0.31858986616134644,0.41161808371543884
cand_675,NY,4,1994,1,contestant_1,0.051372360438108444,0.501083493232727
cand_676,NY,4,1994,1,contestant_2,0.08900211751461029,0.49891653656959534
cand_677,NY,6,1986,0,contestant_1,-0.11229787021875381,0.48485374450683594
cand_678,NY,6,1986,0,contestant_2,-0.2581537440419197,0.4118911623954773
cand_679,NY,8,1996,0,contestant_1,-0.2065800577402115,0.8363251686096191
cand_680,NY,8,1996,0,contestant_2,-0.300705224275589,0.1146693304181099
cand_681,NY,9,1998,0,contestant_1,-0.19711486995220184,0.289251446723938
cand_682,NY,9,1998,0,contestant_2,-0.2775919437408447,0.27841198444366455
cand_683,NY,11,2006,0,contestant_1,-0.17429371178150177,0.30628716945648193
cand_684,NY,11,2006,0,contestant_2,-0.25933563709259033,0.2715274393558502
cand_685,NY,12,1992,0,contestant_1,-0.0749785378575325,0.3372011184692383
cand_686,NY,12,1992,0,contestant_2,-0.23254121094942093,0.2807372212409973
cand_687,NY,15,1984,0,contestant_1,-0.1624772995710373,0.48139169812202454
cand_688,NY,15,1984,0,contestant_2,-0.3566204607486725,0.34633007645606995
cand_689,NY,17,2004,0,contestant_1,-0.13699328899383545,0.6616599559783936
cand_690,NY,17,2004,0,contestant_2,-0.19192592799663544,0.2251623123884201
cand_691,NY,19,1988,0,contestant_1,-0.13699328899383545,0.4794536828994751
cand_692,NY,19,1988,0,contestant_2,-0.19394747912883759,0.25682908296585083
cand_693,NY,19,1994,1,contestant_1,0.06352819502353668,0.22515127062797546
cand_694,NY,19,1994,1,contestant_2,0.16236767172813416,0.1952826976776123
cand_695,NY,20,1984,0,contestant_1,-0.2857901453971863,0.38272517919540405
cand_696,NY,20,1984,0,contestant_2,-0.26290881633758545,0.2410009801387787
cand_697,NY,20,1986,0,contestant_1,-0.3536050021648407,0.3582422435283661
cand_698,NY,20,1986,0,contestant_2,-0.2857901453971863,0.3408803641796112
cand_699,NY,20,1988,0,contestant_1,-0.21592821180820465,0.4396076798439026
cand_700,NY,20,1988,0,contestant_2,-0.3136432468891144,0.3580133616924286
cand_701,NY,21,1996,0,contestant_1,-0.14242315292358398,0.57039642333984375
cand_702,NY,21,1996,0,contestant_2,-0.3259657025337219,0.42960357666015625
cand_703,NY,21,2008,0,contestant_1,-0.1583956778049469,0.39498215913772583
cand_704,NY,21,2008,0,contestant_2,-0.3198133409023285,0.3016164302825928
cand_705,NY,23,2010,1,contestant_1,0.25166356563568115,0.5285200476646423
cand_706,NY,23,2010,1,contestant_2,0.42533743381500244,0.47147995233535767
cand_707,NY,24,2002,1,contestant_1,-0.02420065551996231,0.5339027047157288
cand_708,NY,24,2002,1,contestant_2,0.388726644217968,0.46609726548194885
cand_709,NY,24,2004,1,contestant_1,-0.02420065551996231,0.5980888605117798
cand_710,NY,24,2004,1,contestant_2,-0.19192592054605484,0.4019111394882202
cand_711,NY,26,1992,0,contestant_1,-0.2261720448732376,0.5448477268218994
cand_712,NY,26,1992,0,contestant_2,-0.2663906216621399,0.39900150895118713
cand_713,NY,26,2008,0,contestant_1,-0.33093923330307007,0.40981000661849976
cand_714,NY,26,2008,0,contestant_2,-0.3158380091190338,0.3557378351688385
cand_715,NY,27,1982,1,contestant_1,0.10604558885097504,0.47235316038131714
cand_716,NY,27,1982,1,contestant_2,0.08731493353843689,0.4633824825286865
cand_717,NY,30,1980,1,contestant_1,0.09985677152872086,0.7032808661460876
cand_718,NY,30,1980,1,contestant_2,0.07548382878303528,0.29671916365623474
cand_719,OH,2,2006,1,contestant_1,0.2120438814163208,0.47669747471809387
cand_720,OH,2,2006,1,contestant_2,0.19176553189754486,0.4255555272102356
cand_721,OH,5,1988,1,contestant_1,0.09653481096029282,0.45452240109443665
cand_722,OH,5,1988,1,contestant_2,0.18837067484855652,0.4540947377681732
cand_723,OH,6,1992,1,contestant_1,0.19176553189754486,0.5022451877593994
cand_724,OH,6,1992,1,contestant_2,0.14059379696846008,0.4977547824382782
cand_725,OH,6,1998,1,contestant_1,0.3065585494041443,0.3941505253314972
cand_726,OH,6,1998,1,contestant_2,0.23415380716323853,0.3501686453819275
cand_727,OH,8,1990,1,contestant_1,0.1381382942199707,0.49317413568496704
cand_728,OH,8,1990,1,contestant_2,0.14802312850952148,0.3218191862106323
cand_729,OH,10,1994,0,contestant_1,-0.25344890356063843,0.3431660532951355
cand_730,OH,10,1994,0,contestant_2,-0.246848002076149,0.26423218846321106
cand_731,OH,10,1996,0,contestant_1,-0.2909969091415405,0.7722326517105103
cand_732,OH,10,1996,0,contestant_2,-0.16832096874713898,0.18790756165981293
cand_733,OH,10,2008,0,contestant_1,-0.2909969091415405,0.5031896829605103
cand_734,OH,10,2008,0,contestant_2,-0.0398099422454834,0.35159415006637573
cand_735,OH,13,1992,1,contestant_1,0.3029692769050598,0.37111350893974304
cand_736,OH,13,1992,1,contestant_2,0.1781443953514099,0.2731398642063141
cand_737,OH,13,2006,0,contestant_1,-0.2368054836988449,0.3085807263851166
cand_738,OH,13,2006,0,contestant_2,0.01789592206478119,0.21527233719825745
cand_739,OH,17,1984,0,contestant_1,-0.22436662018299103,0.5627792477607727
cand_740,OH,17,1984,0,contestant_2,-0.027876555919647217,0.2944648265838623
cand_741,OH,17,2000,0,contestant_1,-0.22436662018299103,0.5048646926879883
cand_742,OH,17,2000,0,contestant_2,-0.30356118083000183,0.3405616581439972
cand_743,OH,17,2002,0,contestant_1,-0.09243455529212952,0.41313600540161133
cand_744,OH,17,2002,0,contestant_2,-0.12276942282915115,0.2749335765838623
cand_745,OH,18,1994,0,contestant_1,-0.24293570220470428,0.4914550185203552
cand_746,OH,18,1994,0,contestant_2,-0.16336384415626526,0.3648224174976349
cand_747,OH,19,1982,0,contestant_1,-0.1921038180589676,0.4853894114494324
cand_748,OH,19,1982,0,contestant_2,-0.03164556622505188,0.4711373448371887
cand_749,OH,19,1992,0,contestant_1,-0.14915694296360016,0.24252572655677795
cand_750,OH,19,1992,0,contestant_2,-0.33169156312942505,0.1651756763458252
cand_751,OH,19,1994,1,contestant_1,0.025285037234425545,0.5389573574066162
cand_752,OH,19,1994,1,contestant_2,0.2523182947188616,0.36534637212753296
cand_753,OH,22,1980,1,contestant_1,0.24210286140441895,0.5350767374038696
cand_754,OH,22,1980,1,contestant_2,-0.22202444076538086,0.46492329239845276
cand_755,OK,1,1984,1,contestant_1,0.4104834496974945,0.6804885268211365
cand_756,OK,1,1984,1,contestant_2,0.5228481292724609,0.31951144337654114
cand_757,OK,1,1986,1,contestant_1,0.14941880106925964,0.5421236157417297
cand_758,OK,1,1986,1,contestant_2,0.2521628439426422,0.2929267883300781
cand_759,OK,1,1994,1,contestant_1,0.17294801771640778,0.5112632513046265
cand_760,OK,1,1994,1,contestant_2,0.0290820449590683,0.1699116826057434
cand_761,OK,2,1990,0,contestant_1,-0.1316026896238327,0.5585432052612305
cand_762,OK,2,1990,0,contestant_2,0.2620638757944107,0.44145679473876953
cand_763,OK,2,1992,0,contestant_1,-0.1316026896238327,0.5308114886283875
cand_764,OK,2,1992,0,contestant_2,0.24818463623523712,0.46918854117393494
cand_765,OK,2,2000,0,contestant_1,-0.10686716437339783,0.5675498247146606
cand_766,OK,2,2000,0,contestant_2,-0.2641933560371399,0.43245020508766174
cand_767,OK,2,2004,0,contestant_1,0.09643607586622238,0.5767239928245544
cand_768,OK,2,2004,0,contestant_2,-0.3250402882695198,0.3618104159832001
cand_769,OK,3,1990,0,contestant_1,0.061503611505031586,0.5086610913276672
cand_770,OK,3,1990,0,contestant_2,-0.19052819162607193,0.4131160080432892
cand_771,OK,3,1998,0,contestant_1,-0.2896867096424103,0.5258874297142029
cand_772,OK,3,1998,0,contestant_2,-0.2973093092441559,0.4741125702857971
cand_773,OK,4,1980,0,contestant_1,0.03210555762052536,0.5120684504508972
cand_774,OK,4,1980,0,contestant_2,-0.16107112914323807,0.4879315495491028
cand_775,OK,5,2006,1,contestant_1,0.23376873135566711,0.345662385225296
cand_776,OK,5,2006,1,contestant_2,0.24462535977363586,0.1892641931772232
cand_777,OR,1,1992,0,contestant_1,-0.23050016164779663,0.5876308679580688
cand_778,OR,1,1992,0,contestant_2,-0.09421229362487793,0.41236916184425354
cand_779,OR,1,1998,0,contestant_1,-0.184334397315979,0.5231366753578186
cand_780,OR,1,1998,0,contestant_2,-0.33254900574684143,0.42899003624916077
cand_781,OR,2,1986,0,contestant_1,-0.32342129945755005,0.4590742290019989
cand_782,OR,2,1986,0,contestant_2,-0.18481551110744476,0.3361949324607849
cand_783,OR,3,1980,0,contestant_1,-0.11908761411905289,0.6005163788795471
cand_784,OR,3,1980,0,contestant_2,0.027076952159404755,0.3994835913181305
cand_785,OR,4,1986,0,contestant_1,-0.17118388414382935,0.33806493878364563
cand_786,OR,4,1986,0,contestant_2,-0.11305569857358932,0.32550567388534546
cand_787,OR,5,1984,0,contestant_1,-0.32570645213127136,0.41435718536376953
cand_788,OR,5,1984,0,contestant_2,-0.17439106106758118,0.1486329585313797
cand_789,OR,5,1994,0,contestant_1,-0.3016226589679718,0.3953374922275543
cand_790,OR,5,1994,0,contestant_2,-0.3429763615131378,0.09827007353305817
cand_791,OR,5,1994,1,contestant_1,0.1780880242586136,0.42478713393211365
cand_792,OR,5,1994,1,contestant_2,0.11978074908256531,0.2592758238315582
cand_793,OR,5,1996,0,contestant_1,-0.13357532024383545,0.5144593715667725
cand_794,OR,5,1996,0,contestant_2,-0.3318500816822052,0.27443358302116394
cand_795,PA,1,1982,0,contestant_1,-0.22357311844825745,0.5185191035270691
cand_796,PA,1,1982,0,contestant_2,-0.12300849705934525,0.4814808964729309
cand_797,PA,1,1984,0,contestant_1,-0.22357311844825745,0.5212792754173279
cand_798,PA,1,1984,0,contestant_2,0.16336491703987122,0.4474133551120758
cand_799,PA,2,1994,0,contestant_1,-0.19102917611598969,0.5804042816162109
cand_800,PA,2,1994,0,contestant_2,-0.24893786013126373,0.41959574818611145
cand_801,PA,4,1980,0,contestant_1,-0.29332175850868225,0.2527621388435364
cand_802,PA,4,1980,0,contestant_2,-0.2587713301181793,0.23911656439304352
cand_803,PA,4,1992,0,contestant_1,-0.14368321001529694,0.45385217666625977
cand_804,PA,4,1992,0,contestant_2,-0.29798465967178345,0.2213572859764099
cand_805,PA,5,1996,1,contestant_1,0.1081259623169899,0.3773714303970337
cand_806,PA,5,1996,1,contestant_2,0.11686978489160538,0.1841229498386383
cand_807,PA,6,2010,0,contestant_1,-0.31804800033569336,0.5084087252616882
cand_808,PA,6,2010,0,contestant_2,-0.2974073886871338,0.49159130454063416
cand_809,PA,10,1998,1,contestant_1,0.14898346364498138,0.43712204694747925
cand_810,PA,10,1998,1,contestant_2,0.18145009875297546,0.237648606300354
cand_811,PA,11,1980,0,contestant_1,-0.29150205850601196,0.4080002009868622
cand_812,PA,11,1980,0,contestant_2,-0.31466785073280334,0.2893167734146118
cand_813,PA,11,1984,0,contestant_1,-0.04824700579047203,0.46883654594421387
cand_814,PA,11,1984,0,contestant_2,-0.31466784700751305,0.4303857684135437
cand_815,PA,12,1982,0,contestant_1,-0.03750290349125862,0.5169847011566162
cand_816,PA,12,1982,0,contestant_2,-0.11511829867959023,0.3833082616329193
cand_817,PA,12,2002,0,contestant_1,-0.03750290349125862,0.6420274376869202
cand_818,PA,12,2002,0,contestant_2,-0.19043299928307533,0.3579725921154022
cand_819,PA,13,2002,1,contestant_1,0.19192619621753693,0.5517021417617798
cand_820,PA,13,2002,1,contestant_2,0.3327764868736267,0.4482978284358978
cand_821,PA,13,2004,0,contestant_1,-0.19072219729423523,0.52231365442276
cand_822,PA,13,2004,0,contestant_2,-0.11434423178434372,0.47768634557724
cand_823,PA,14,1980,0,contestant_1,-0.14610649645328522,0.5731313228607178
cand_824,PA,14,1980,0,contestant_2,-0.022290855646133423,0.3143250346183777
cand_825,PA,15,1998,1,contestant_1,0.22035445272922516,0.2712688148021698
cand_826,PA,15,1998,1,contestant_2,0.13780660927295685,0.2349342256784439
cand_827,PA,16,1996,1,contestant_1,0.12169883400201797,0.45179593563079834
cand_828,PA,16,1996,1,contestant_2,-0.01157841831445694,0.26093921065330505
cand_829,PA,18,1994,0,contestant_1,-0.11603913456201553,0.19845034182071686
cand_830,PA,18,1994,0,contestant_2,-0.2860281243920326,0.18029507994651794
cand_831,PA,18,1994,1,contestant_1,0.0801965743303299,0.35567474365234375
cand_832,PA,18,1994,1,contestant_2,0.1224401667714119,0.3384876549243927
cand_833,PA,19,2000,1,contestant_1,0.019598620012402534,0.3332659900188446
cand_834,PA,19,2000,1,contestant_2,0.16357471235096455,0.29016268253326416
cand_835,PA,20,1994,0,contestant_1,-0.19043299555778503,0.5392841100692749
cand_836,PA,20,1994,0,contestant_2,0.02326790988445282,0.3065730631351471
cand_837,PA,21,1982,0,contestant_1,-0.2897142171859741,0.4750673174858093
cand_838,PA,21,1982,0,contestant_2,0.09371262788772583,0.3318561911582947
cand_839,PA,21,1994,0,contestant_1,-0.310958594083786,0.22734998166561127
cand_840,PA,21,1994,0,contestant_2,0.09371265769004822,0.16474775969982147
cand_841,RI,1,1988,0,contestant_1,-0.042218346148729324,0.5513563752174377
cand_842,RI,1,1988,0,contestant_2,-0.3299107737839222,0.44864362478256226
cand_843,RI,1,2002,1,contestant_1,0.45979049801826477,0.4014548659324646
cand_844,RI,1,2002,1,contestant_2,0.16993603110313416,0.26478391885757446
cand_845,RI,1,2010,0,contestant_1,-0.2525097131729126,0.37213969230651855
cand_846,RI,1,2010,0,contestant_2,-0.3796093761920929,0.200609028339386
cand_847,RI,2,1996,0,contestant_1,-0.18096348643302917,0.48101142048835754
cand_848,RI,2,1996,0,contestant_2,-0.23977693915367126,0.37926366925239563
cand_849,RI,2,2000,0,contestant_1,-0.17592425644397736,0.47222793102264404
cand_850,RI,2,2000,0,contestant_2,-0.3496982157230377,0.29251182079315186
cand_851,SC,1,1994,1,contestant_1,0.18779529631137848,0.5204637050628662
cand_852,SC,1,1994,1,contestant_2,0.2189825028181076,0.4795362949371338
cand_853,SC,3,1994,0,contestant_1,-0.050556641072034836,0.5179702043533325
cand_854,SC,3,1994,0,contestant_2,0.06859679892659187,0.48202982544898987
cand_855,SC,4,2010,1,contestant_1,0.10379084199666977,0.7066310048103333
cand_856,SC,4,2010,1,contestant_2,0.17997446656227112,0.29336899518966675
cand_857,SC,5,1982,0,contestant_1,-0.05106015503406525,0.5494738221168518
cand_858,SC,5,1982,0,contestant_2,-0.04157055541872978,0.4505261778831482
cand_859,SD,1,1996,1,contestant_1,0.17081649601459503,0.5948950052261353
cand_860,SD,1,1996,1,contestant_2,0.07974644750356674,0.40510502457618713
cand_861,SD,1,2002,0,contestant_1,-0.17249438166618347,0.5814698338508606
cand_862,SD,1,2002,0,contestant_2,-0.28173136711120605,0.3244541883468628
cand_863,TN,1,1996,1,contestant_1,0.10336252301931381,0.1833593100309372
cand_864,TN,1,1996,1,contestant_2,0.28129418939352036,0.15238229930400848
cand_865,TN,3,1994,0,contestant_1,-0.18829120695590973,0.25025221705436707
cand_866,TN,3,1994,0,contestant_2,-0.2494584321975708,0.227127805352211
cand_867,TN,3,1994,1,contestant_1,0.15490864217281342,0.672435998916626
cand_868,TN,3,1994,1,contestant_2,0.14774508774280548,0.25027069449424744
cand_869,TN,4,1994,0,contestant_1,-0.05511331185698509,0.3065788447856903
cand_870,TN,4,1994,0,contestant_2,-0.149105753749609,0.24349354207515717
cand_871,TN,5,1986,0,contestant_1,-0.08487298339605331,0.5798439383506775
cand_872,TN,5,1986,0,contestant_2,-0.049128152430057526,0.4201560616493225
cand_873,TN,6,1984,0,contestant_1,-0.02771170437335968,0.2840375304222107
cand_874,TN,6,1984,0,contestant_2,0.01956847682595253,0.17997583746910095
cand_875,TN,7,1982,0,contestant_1,-0.06429583579301834,0.5919325947761536
cand_876,TN,7,1982,0,contestant_2,-0.07023302465677261,0.40806740522384644
cand_877,TN,7,1994,0,contestant_1,-0.07023302465677261,0.35980096459388733
cand_878,TN,7,1994,0,contestant_2,-0.28371820598840714,0.23193636536598206
cand_879,TN,7,1994,1,contestant_1,0.14032849669456482,0.3492710292339325
cand_880,TN,7,1994,1,contestant_2,0.17840561270713806,0.3250998556613922
cand_881,TN,7,2002,1,contestant_1,0.15497815608978271,0.40319404006004333
cand_882,TN,7,2002,1,contestant_2,0.12309025973081589,0.20242799818515778
cand_883,TN,8,1982,0,contestant_1,-0.01229883823543787,0.6777243614196777
cand_884,TN,8,1982,0,contestant_2,0.3337201317772269,0.32227563858032227
cand_885,TN,9,1996,0,contestant_1,-0.06873222440481186,0.6046106815338135
cand_886,TN,9,1996,0,contestant_2,-0.11592180281877518,0.33921337127685547
cand_887,TN,9,2006,0,contestant_1,-0.11592180281877518,0.30944615602493286
cand_888,TN,9,2006,0,contestant_2,-0.3188859596848488,0.2509723901748657
cand_889,TN,9,2008,0,contestant_1,-0.11592180281877518,0.7936077117919922
cand_890,TN,9,2008,0,contestant_2,-0.3188859596848488,0.18642035126686096
cand_891,TX,4,1980,0,contestant_1,0.12268991768360138,0.5742272138595581
cand_892,TX,4,1980,0,contestant_2,0.1827370822429657,0.4257727861404419
cand_893,TX,5,1982,0,contestant_1,-0.11062008142471313,0.6650084257125854
cand_894,TX,5,1982,0,contestant_2,0.14903953671455383,0.217059925198555
cand_895,TX,6,1984,0,contestant_1,-0.19718845188617706,0.543409526348114
cand_896,TX,6,1984,0,contestant_2,-0.18581914901733398,0.3813824951648712
cand_897,TX,7,2000,1,contestant_1,0.21457336843013763,0.5995398759841919
cand_898,TX,7,2000,1,contestant_2,0.2254513055086136,0.4004601240158081
cand_899,TX,8,1980,0,contestant_1,-0.26903945207595825,0.5721079111099243
cand_900,TX,8,1980,0,contestant_2,0.23902124166488647,0.4278920590877533
cand_901,TX,8,1984,0,contestant_1,-0.23290032148361206,0.5106431841850281
cand_902,TX,8,1984,0,contestant_2,-0.2830651104450226,0.48935678601264954
cand_903,TX,9,1982,0,contestant_1,-0.05650196224451065,0.5338070392608643
cand_904,TX,9,1982,0,contestant_2,0.3171203061938286,0.12280827760696411
cand_905,TX,9,2004,0,contestant_1,-0.1422300934791565,0.6646518707275391
cand_906,TX,9,2004,0,contestant_2,-0.11695174872875214,0.31297680735588074
cand_907,TX,14,1980,0,contestant_1,-0.04567140340805054,0.5157581567764282
cand_908,TX,14,1980,0,contestant_2,0.23942047357559204,0.4842418432235718
cand_909,TX,14,1996,1,contestant_1,0.36256158351898193,0.5406029224395752
cand_910,TX,14,1996,1,contestant_2,0.054751187562942505,0.4593970775604248
cand_911,TX,16,1982,0,contestant_1,-0.13178253173828125,0.547069787979126
cand_912,TX,16,1982,0,contestant_2,0.1979770064353943,0.452930212020874
cand_913,TX,16,1996,0,contestant_1,-0.033731695264577866,0.5121496915817261
cand_914,TX,16,1996,0,contestant_2,-0.2929033599793911,0.4878503382205963
cand_915,TX,18,1994,0,contestant_1,-0.1132827177643776,0.6342472434043884
cand_916,TX,18,1994,0,contestant_2,-0.1986997127532959,0.3657527267932892
cand_917,TX,22,1980,0,contestant_1,0.03782878443598747,0.5648918747901917
cand_918,TX,22,1980,0,contestant_2,-0.026803676038980484,0.43510815501213074
cand_919,TX,22,1984,1,contestant_1,0.15729054808616638,0.5326586961746216
cand_920,TX,22,1984,1,contestant_2,0.2878043055534363,0.2626954913139343
cand_921,TX,23,1984,0,contestant_1,-0.08775205910205841,0.5859111547470093
cand_922,TX,23,1984,0,contestant_2,0.1281413584947586,0.36696353554725647
cand_923,TX,25,1982,0,contestant_1,0.03782878443598747,0.5783088207244873
cand_924,TX,25,1982,0,contestant_2,0.29782484099268913,0.4216911792755127
cand_925,TX,25,2002,0,contestant_1,-0.11695174872875214,0.5429997444152832
cand_926,TX,25,2002,0,contestant_2,-0.10773736238479614,0.4570002257823944
cand_927,TX,26,1982,1,contestant_1,0.38511595129966736,0.6472429633140564
cand_928,TX,26,1982,1,contestant_2,0.392149955034256,0.352757066488266
cand_929,TX,26,2002,1,contestant_1,0.13876593112945557,0.5463419556617737
cand_930,TX,26,2002,1,contestant_2,0.25428739190101624,0.4536580443382263
cand_931,TX,27,1982,0,contestant_1,0.006822382099926472,0.5152978897094727
cand_932,TX,27,1982,0,contestant_2,-0.3551438106223941,0.48470214009284973
cand_933,TX,28,2004,0,contestant_1,0.08758371323347092,0.5020672678947449
cand_934,TX,28,2004,0,contestant_2,-0.1682104840874672,0.4979327619075775
cand_935,TX,29,1992,0,contestant_1,-0.03891173005104065,0.5154131054878235
cand_936,TX,29,1992,0,contestant_2,0.004037078469991684,0.4845868945121765
cand_937,TX,29,1994,0,contestant_1,-0.03891173005104065,0.5510755181312561
cand_938,TX,29,1994,0,contestant_2,0.004037078469991684,0.4489244818687439
cand_939,TX,31,2002,1,contestant_1,0.17614451050758362,0.5683782696723938
cand_940,TX,31,2002,1,contestant_2,0.2254513055086136,0.4316217005252838
cand_941,UT,2,1990,1,contestant_1,0.3094068169593811,0.5842878222465515
cand_942,UT,2,1990,1,contestant_2,0.19984333217144012,0.4157122075557709
cand_943,UT,2,2000,1,contestant_1,0.4390033185482025,0.5886675119400024
cand_944,UT,2,2000,1,contestant_2,0.19526256620883942,0.41133248805999756
cand_945,UT,3,2008,1,contestant_1,0.11639983206987381,0.597790002822876
cand_946,UT,3,2008,1,contestant_2,0.12896180152893066,0.4022100269794464
cand_947,VA,3,1992,0,contestant_1,-0.15422354638576508,0.6698659062385559
cand_948,VA,3,1992,0,contestant_2,0.038865819573402405,0.21544808149337769
cand_949,VA,11,2008,0,contestant_1,-0.13523481786251068,0.5791658163070679
cand_950,VA,11,2008,0,contestant_2,-0.3304555118083954,0.3335096538066864
cand_951,VT,1,1988,0,contestant_1,-0.15502607822418213,0.34221145510673523
cand_952,VT,1,1988,0,contestant_2,-0.21911455690860748,0.33395418524742126
cand_953,WA,1,1984,1,contestant_1,0.024118049070239067,0.29516369104385376
cand_954,WA,1,1984,1,contestant_2,-0.29318942315876484,0.24872271716594696
cand_955,WA,1,1992,1,contestant_1,0.16996587812900543,0.5681965947151184
cand_956,WA,1,1992,1,contestant_2,0.15187877416610718,0.3108675479888916
cand_957,WA,1,1996,0,contestant_1,-0.26559916138648987,0.5212329030036926
cand_958,WA,1,1996,0,contestant_2,-0.3139380216598511,0.47876712679862976
cand_959,WA,2,1994,1,contestant_1,0.11780797690153122,0.5399798154830933
cand_960,WA,2,1994,1,contestant_2,0.19256286323070526,0.25277337431907654
cand_961,WA,3,1988,0,contestant_1,-0.23449887335300446,0.5671245455741882
cand_962,WA,3,1988,0,contestant_2,0.027310624718666077,0.3808656632900238
cand_963,WA,3,1994,1,contestant_1,0.2768316864967346,0.5067440867424011
cand_964,WA,3,1994,1,contestant_2,0.1945473849773407,0.22006848454475403
cand_965,WA,4,1992,0,contestant_1,-0.17201372981071472,0.47683534026145935
cand_966,WA,4,1992,0,contestant_2,-0.23949140310287476,0.4575560986995697
cand_967,WA,5,2000,0,contestant_1,-0.2890763580799103,0.6597270369529724
cand_968,WA,5,2000,0,contestant_2,-0.330321341753006,0.3402729332447052
cand_969,WA,7,1988,0,contestant_1,-0.1624550074338913,0.44345325231552124
cand_970,WA,7,1988,0,contestant_2,-0.15688015520572662,0.3304823338985443
cand_971,WA,8,1982,1,contestant_1,0.08999233692884445,0.4088127315044403
cand_972,WA,8,1982,1,contestant_2,0.4093669578433037,0.30784356594085693
cand_973,WA,8,1992,1,contestant_1,0.11294448375701904,0.42938870191574097
cand_974,WA,8,1992,1,contestant_2,0.33127230405807495,0.3853873908519745
cand_975,WA,8,2004,0,contestant_1,-0.34599918127059937,0.48431846499443054
cand_976,WA,8,2004,0,contestant_2,-0.3135007321834564,0.30652865767478943
cand_977,WA,8,2004,1,contestant_1,0.19772861897945404,0.4304922819137573
cand_978,WA,8,2004,1,contestant_2,0.10889577120542526,0.2258395105600357
cand_979,WA,9,1992,1,contestant_1,0.11127019673585892,0.5313800573348999
cand_980,WA,9,1992,1,contestant_2,0.1106543317437172,0.4686199426651001
cand_981,WI,1,1982,1,contestant_1,0.40861082077026367,0.6092754602432251
cand_982,WI,1,1982,1,contestant_2,0.22370490431785583,0.3907245397567749
cand_983,WI,2,1992,0,contestant_1,-0.3676798939704895,0.5991747975349426
cand_984,WI,2,1992,0,contestant_2,-0.28908684849739075,0.4008252024650574
cand_985,WI,2,1998,0,contestant_1,-0.22043657302856445,0.37091416120529175
cand_986,WI,2,1998,0,contestant_2,-0.26321300864219666,0.346157968044281
cand_987,WI,2,1998,1,contestant_1,0.22003082931041718,0.21204739809036255
cand_988,WI,2,1998,1,contestant_2,0.1889287680387497,0.17230916023254395
cand_989,WI,3,1996,0,contestant_1,-0.06362602114677429,0.4601392149925232
cand_990,WI,3,1996,0,contestant_2,-0.17185837030410767,0.28855788707733154
cand_991,WI,4,1982,0,contestant_1,-0.07745151221752167,0.6082214713096619
cand_992,WI,4,1982,0,contestant_2,-0.13883696496486664,0.39177852869033813
cand_993,WI,4,2004,0,contestant_1,-0.1735803633928299,0.642564058303833
cand_994,WI,4,2004,0,contestant_2,-0.22002099454402924,0.25483980774879456
cand_995,WI,8,1996,0,contestant_1,-0.24872443079948425,0.590592086315155
cand_996,WI,8,1996,0,contestant_2,-0.337455153465271,0.4094078838825226
cand_997,WI,8,2006,0,contestant_1,-0.15030699968338013,0.476432204246521
cand_998,WI,8,2006,0,contestant_2,-0.27985289692878723,0.2868485152721405
cand_999,WV,1,1992,0,contestant_1,-0.06763777881860733,0.6150032877922058
cand_1000,WV,1,1992,0,contestant_2,-0.17078076303005219,0.3849966824054718
cand_1001,WV,1,2010,0,contestant_1,0.14024414122104645,0.5590624213218689
cand_1002,WV,1,2010,0,contestant_2,-0.06763778626918793,0.4409375786781311
cand_1003,WV,2,1980,0,contestant_1,-0.32618433237075806,0.4199020266532898
cand_1004,WV,2,1980,0,contestant_2,-0.26616546511650085,0.40554994344711304
cand_1005,WY,1,1994,0,contestant_1,-0.30257272720336914,0.5816051363945007
cand_1006,WY,1,1994,0,contestant_2,-0.017426729202270508,0.41839489340782166
cand_1007,WY,1,1994,1,contestant_1,0.1842382848262787,0.38749080896377563
cand_1008,WY,1,1994,1,contestant_2,0.04697351157665253,0.24777278304100037
